CodigoSessao,SiglaCasa,CodigoSessaoLegislativa,TipoSessao,NumeroSessao,DataSessao,HoraInicio,CodigoVotacaoSve,CodigoSessaoVotacao,SequencialSessao,Secreta,DescricaoVotacao,Resultado,TotalVotosSim,TotalVotosNao,TotalVotosAbstencao,CodigoMateria,SiglaMateria,NumeroMateria,AnoMateria,SiglaCasaMateria,DescricaoObjetivoProcesso,DescricaoIdentificacaoMateria,z_orientacaoGoverno,z_orientacaoOposicao,z_orientacoes
335450,SF,868,DOR,49,17/05/2023,14:00:00,4004,6682,1,S,"Votação nominal da Mensagem nº 5, de 2023 - Paulino Franco de Carvalho Neto (Egito e Eritreia).",A,46,2,1,157157,MSF,5,2023,SF,,MSF 5/2023,,,Não-opostas
335450,SF,868,DOR,49,17/05/2023,14:00:00,4012,6690,9,S,"Votação nominal da Mensagem nº 12, de 2023 - Kenneth Félix Haczynski da Nóbrega (Índia e Butão).",A,38,1,3,157164,MSF,12,2023,SF,,MSF 12/2023,,,Não-opostas
335450,SF,868,DOR,49,17/05/2023,14:00:00,4011,6689,8,S,"Votação nominal da Mensagem nº 10, de 2023 - Everton Vieira Vargas (Santa Sé e Malta).",A,41,2,1,157162,MSF,10,2023,SF,,MSF 10/2023,,,Não-opostas
335450,SF,868,DOR,49,17/05/2023,14:00:00,4010,6688,7,S,"Votação nominal da Mensagem nº 8, de 2023 - Julio Glinternick Bitelli (Argentina).",A,42,2,3,157160,MSF,8,2023,SF,,MSF 8/2023,,,Não-opostas
335450,SF,868,DOR,49,17/05/2023,14:00:00,4009,6687,6,S,"Votação nominal da Mensagem nº 1, de 2023 - Luiz Fernando Corrêa (ABIN).",A,43,5,2,156443,MSF,1,2023,SF,,MSF 1/2023,,,Não-opostas
335450,SF,868,DOR,49,17/05/2023,14:00:00,4008,6686,5,S,"Votação nominal da Mensagem nº 7, de 2023 - Sérgio França Danese (Nações Unidas).",A,40,2,1,157159,MSF,7,2023,SF,,MSF 7/2023,,,Não-opostas
335450,SF,868,DOR,49,17/05/2023,14:00:00,4007,6685,4,S,"Votação nominal da Mensagem nº 9, de 2023 - Maria Luiza Ribeiro Viotti (EUA).",A,44,1,1,157161,MSF,9,2023,SF,,MSF 9/2023,,,Não-opostas
335450,SF,868,DOR,49,17/05/2023,14:00:00,4006,6684,3,S,"Votação nominal da Mensagem nº 23, de 2023 - Erick Moura de Medeiros (DNIT).",A,46,3,2,157301,MSF,23,2023,SF,,MSF 23/2023,,,Não-opostas
335450,SF,868,DOR,49,17/05/2023,14:00:00,4005,6683,2,S,"Votação nominal da Mensagem nº 6, de 2023 - Ricardo Neiva Tavares (França e Mônaco).",A,40,2,2,157158,MSF,6,2023,SF,,MSF 6/2023,,,Não-opostas
336375,SF,868,DOR,51,23/05/2023,14:00:00,4013,6691,1,S,"Votação nominal da Mensagem nº 11, de 2023 - Antonio de Aguiar Patriota (Reino Unido e Irlanda do Norte).",A,46,8,1,157163,MSF,11,2023,SF,,MSF 11/2023,,,Não-opostas
336375,SF,868,DOR,51,23/05/2023,14:00:00,4015,6693,3,S,"Votação nominal da Mensagem nº 17, de 2023 - Frederico Salomão Duque Estrada Meyer (Israel).",A,35,4,2,157169,MSF,17,2023,SF,,MSF 17/2023,,,Não-opostas
336375,SF,868,DOR,51,23/05/2023,14:00:00,4014,6692,2,S,"Votação nominal da Mensagem nº 21, de 2023 - Christian Vargas (Cuba).",A,41,4,2,157173,MSF,21,2023,SF,,MSF 21/2023,,,Não-opostas
336825,SF,868,DOR,52,24/05/2023,14:00:00,4020,6698,5,S,"Votação nominal da Mensagem nº 15, de 2023 - Paulo Roberto Caminha de Castilho França (República Helênica).",A,47,2,1,157167,MSF,15,2023,SF,,MSF 15/2023,,,Não-opostas
336825,SF,868,DOR,52,24/05/2023,14:00:00,4019,6697,4,S,"Votação nominal da Mensagem nº 22, de 2023 - Benoni Belli (Organização dos Estados Americanos).",A,43,3,1,157174,MSF,22,2023,SF,,MSF 22/2023,,,Não-opostas
336825,SF,868,DOR,52,24/05/2023,14:00:00,4018,6696,3,S,"Votação nominal da Mensagem nº 20, de 2023 - Clemente de Lima Baena Soares (Peru).",A,42,5,4,157172,MSF,20,2023,SF,,MSF 20/2023,,,Não-opostas
336825,SF,868,DOR,52,24/05/2023,14:00:00,4017,6695,2,S,"Votação nominal da Mensagem nº 19, de 2023 - Guilherme de Aguiar Patriota (Suiça).",A,44,6,0,157171,MSF,19,2023,SF,,MSF 19/2023,,,Não-opostas
336825,SF,868,DOR,52,24/05/2023,14:00:00,4016,6694,1,S,"Votação nominal da Mensagem nº 18, de 2023 - Michel Arslanian Neto (OACI).",A,51,2,3,157170,MSF,18,2023,SF,,MSF 18/2023,,,Não-opostas
338716,SF,868,DOR,57,31/05/2023,14:00:00,4021,6699,1,S,"Votação nominal da Mensagem nº 26, de 2023 - Fernando Simas Magalhães (Países Baixos).",A,43,2,1,157514,MSF,26,2023,SF,,MSF 26/2023,,,Não-opostas
338716,SF,868,DOR,57,31/05/2023,14:00:00,4022,6700,2,S,"Votação nominal da Mensagem nº 13, de 2023 - George Monteiro Prata (Indonésia).",A,46,2,0,157165,MSF,13,2023,SF,,MSF 13/2023,,,Não-opostas
338716,SF,868,DOR,57,31/05/2023,14:00:00,4023,6701,3,S,"Votação nominal da Mensagem nº 14, de 2023 - Gabriel Boff Moreira (República Eslovaca).",A,41,4,0,157166,MSF,14,2023,SF,,MSF 14/2023,,,Não-opostas
338716,SF,868,DOR,57,31/05/2023,14:00:00,4024,6702,4,S,"Votação nominal da Mensagem nº 16, de 2023 - Arthur Henrique Villanova Nogueira (Malawi).",A,41,2,2,157168,MSF,16,2023,SF,,MSF 16/2023,,,Não-opostas
340775,SF,868,DOR,66,14/06/2023,14:00:00,4028,6707,1,S,"Votação nominal do Ofício nº 6, de 2023 - Marcus Vinícius Caetano Pestana da Silva (IFI).",A,56,2,1,157637,OFS,6,2023,SF,,OFS 6/2023,,,Não-opostas
342138,SF,868,DOR,75,21/06/2023,14:00:00,4031,6710,1,S,"Votação nominal da Mensagem nº 24, de 2023 - Claudio Frederico de Matos Arruda (Austrália).",A,41,2,1,157512,MSF,24,2023,SF,,MSF 24/2023,,,Não-opostas
342138,SF,868,DOR,75,21/06/2023,14:00:00,4034,6713,4,S,"Votação nominal da Mensagem nº 34, de 2023 - Cristiano Zanin Martins (STF).",A,58,18,0,158049,MSF,34,2023,SF,,MSF 34/2023,,,Não-opostas
342138,SF,868,DOR,75,21/06/2023,14:00:00,4033,6712,3,S,"Votação nominal da Mensagem nº 29, de 2023 - Renato Mosca de Souza (Itália).",A,48,6,0,157945,MSF,29,2023,SF,,MSF 29/2023,,,Não-opostas
342138,SF,868,DOR,75,21/06/2023,14:00:00,4032,6711,2,S,"Votação nominal da Mensagem nº 25, de 2023 - Ricardo Guerra de Araújo (Rômenia).",A,47,2,0,157513,MSF,25,2023,SF,,MSF 25/2023,,,Não-opostas
344256,SF,868,DOR,82,04/07/2023,14:00:00,4039,6718,1,S,"Votação nominal da Mensagem nº 30, de 2023 - Sidney Leon Romeiro (Emirados Árabes Unidos).",A,37,4,3,158035,MSF,30,2023,SF,,MSF 30/2023,,,Não-opostas
344256,SF,868,DOR,82,04/07/2023,14:00:00,4046,6725,8,S,"Votação nominal da Mensagem nº 28, de 2023 - Ailton de Aquino Santos (Banco Central do Brasil).",A,42,10,1,157524,MSF,28,2023,SF,,MSF 28/2023,,,Não-opostas
344256,SF,868,DOR,82,04/07/2023,14:00:00,4045,6724,7,S,"Votação nominal da Mensagem nº 27, de 2023 - Gabriel Muricca Galípolo (Banco Central do Brasil).",A,39,12,1,157522,MSF,27,2023,SF,,MSF 27/2023,,,Não-opostas
344256,SF,868,DOR,82,04/07/2023,14:00:00,4044,6723,6,S,"Votação nominal da Mensagem nº 36, de 2023 - Adriano Silva Pucci (Bahrein).",A,41,3,1,158166,MSF,36,2023,SF,,MSF 36/2023,,,Não-opostas
344256,SF,868,DOR,82,04/07/2023,14:00:00,4043,6722,5,S,"Votação Nominal da Mensagem nº 37, de 2023 - João Genésio de Almeida Filho (Botsuana).",A,39,2,0,158167,MSF,37,2023,SF,,MSF 37/2023,,,Não-opostas
344256,SF,868,DOR,82,04/07/2023,14:00:00,4042,6721,4,S,"Votação nominal da Mensagem nº 32, de 2023 - Alexandre Guido Lopes Parola (Marrocos).",A,40,3,0,158039,MSF,32,2023,SF,,MSF 32/2023,,,Não-opostas
344256,SF,868,DOR,82,04/07/2023,14:00:00,4041,6720,3,S,"Votação nominal da Mensagem nº 31, de 2023 - Silvana Polich (Croácia).",A,41,1,1,158036,MSF,31,2023,SF,,MSF 31/2023,,,Não-opostas
344256,SF,868,DOR,82,04/07/2023,14:00:00,4040,6719,2,S,"Votação nominal da Mensagem nº 33, de 2023 - Claudia Vieira Santos (Representante Permanente do Brasil junto à AIEA).",A,46,4,1,158040,MSF,33,2023,SF,,MSF 33/2023,,,Não-opostas
344696,SF,868,DOR,83,05/07/2023,14:00:00,4047,6726,1,S,"Votação nominal da Mensagem nº 42, de 2023 - Carlos Antonio Rocha de Barros (DNIT).",A,46,8,1,158393,MSF,42,2023,SF,,MSF 42/2023,,,Não-opostas
344696,SF,868,DOR,83,05/07/2023,14:00:00,4050,6729,4,S,"Votação nominal da Mensagem nº 39, de 2023 - José Eduardo Guidi (DNIT).",A,50,5,2,158390,MSF,39,2023,SF,,MSF 39/2023,,,Não-opostas
344696,SF,868,DOR,83,05/07/2023,14:00:00,4049,6728,3,S,"Votação nominal da Mensagem nº 40, de 2023 - Fabio Pessoa da Silva Nunes (DNIT).",A,47,4,3,158391,MSF,40,2023,SF,,MSF 40/2023,,,Não-opostas
344696,SF,868,DOR,83,05/07/2023,14:00:00,4048,6727,2,S,"Votação nominal da Mensagem nº 41, de 2023 - Fabricio de Oliveira Galvão (DNIT).",A,47,5,1,158392,MSF,41,2023,SF,,MSF 41/2023,,,Não-opostas
348470,SF,868,DOR,92,02/08/2023,14:00:00,4053,6732,1,S,"Votação nominal da Mensagem nº 44, de 2023 - Carlos Alberto Franco França (Canadá).",A,54,2,2,158399,MSF,44,2023,SF,,MSF 44/2023,,,Não-opostas
348470,SF,868,DOR,92,02/08/2023,14:00:00,4059,6738,7,S,"Votação nominal do Ofício nº 11, de 2023 - Pablo Coutinho Barreto (CNJ).",A,52,1,0,158100,OFS,11,2023,SF,,OFS 11/2023,,,Não-opostas
348470,SF,868,DOR,92,02/08/2023,14:00:00,4058,6737,6,S,"Votação nominal do Ofício nº 4, de 2023 - Fernando da Silva Comin (CNMP).",A,51,3,1,157364,OFS,4,2023,SF,,OFS 4/2023,,,Não-opostas
348470,SF,868,DOR,92,02/08/2023,14:00:00,4057,6736,5,S,"Votação nominal do Ofício nº 5, de 2023 - Ivana Lúcia Franco Cei (CNMP).",A,48,6,1,157365,OFS,5,2023,SF,,OFS 5/2023,,,Não-opostas
348470,SF,868,DOR,92,02/08/2023,14:00:00,4056,6735,4,S,"Votação nominal do Ofício nº 3, de 2023 - Paulo Cezar dos Passos (CNMP).",A,51,2,2,157363,OFS,3,2023,SF,,OFS 3/2023,,,Não-opostas
348470,SF,868,DOR,92,02/08/2023,14:00:00,4055,6734,3,S,"Votação nominal da Mensagem nº 45, de 2023 - Paulo Roberto Campos Tarrisse da Fontoura (Bulgária e Macedônia do Norte).",A,41,4,1,158400,MSF,45,2023,SF,,MSF 45/2023,,,Não-opostas
348470,SF,868,DOR,92,02/08/2023,14:00:00,4054,6733,2,S,"Votação nominal da Mensagem nº 43, de 2023 - Eduardo Ricardo Gradilone Neto (Irã).",A,38,3,3,158398,MSF,43,2023,SF,,MSF 43/2023,,,Não-opostas
349248,SF,868,DOR,97,08/08/2023,14:00:00,4060,6739,1,S,"Votação nominal do Ofício nº 7, de 2023 - Jaime Cassio Miranda (CNMP).",A,54,3,3,157943,OFS,7,2023,SF,,OFS 7/2023,,,Não-opostas
349248,SF,868,DOR,97,08/08/2023,14:00:00,4064,6743,5,S,"Votação nominal do Ofício nº 10, de 2023 - Antônio Edílio Magalhães Teixeira (CNMP).",A,52,1,1,157988,OFS,10,2023,SF,,OFS 10/2023,,,Não-opostas
349248,SF,868,DOR,97,08/08/2023,14:00:00,4063,6742,4,S,"Votação nominal do Ofício nº 9, de 2023 - Ângelo Fabiano Farias (CNMP).",A,49,2,2,157947,OFS,9,2023,SF,,OFS 9/2023,,,Não-opostas
349248,SF,868,DOR,97,08/08/2023,14:00:00,4062,6741,3,S,"Votação nominal do Ofício nº 12, de 2023 - João Paulo Santos Schoucair (CNJ).",A,55,1,1,158155,OFS,12,2023,SF,,OFS 12/2023,,,Não-opostas
349248,SF,868,DOR,97,08/08/2023,14:00:00,4061,6740,2,S,"Votação nominal do Ofício nº 8, de 2023 - Moacyr Rey Filho (CNMP).",A,56,2,2,157944,OFS,8,2023,SF,,OFS 8/2023,,,Não-opostas
357127,SF,868,DOR,127,13/09/2023,14:00:00,4069,6748,1,S,"Votação nominal da Mensagem nº 56, de 2023 - Marcos de Brito Campos Júnior (DNIT).",A,50,4,1,159438,MSF,56,2023,SF,,MSF 56/2023,,,Não-opostas
357127,SF,868,DOR,127,13/09/2023,14:00:00,4070,6749,2,S,"Votação nominal da Mensagem nº 46, de 2023 - Paulo Xavier Alcoforado (ANCINE).",A,48,9,2,158577,MSF,46,2023,SF,,MSF 46/2023,,,Não-opostas
357127,SF,868,DOR,127,13/09/2023,14:00:00,4071,6750,3,S,"Votação nominal da Mensagem nº 49, de 2023 - Maria Clara Duclos Carisio (Bósnia Herzegovina).",A,39,2,1,158898,MSF,49,2023,SF,,MSF 49/2023,,,Não-opostas
357127,SF,868,DOR,127,13/09/2023,14:00:00,4072,6751,4,S,"Votação nominal da Mensagem nº 50, de 2023 - Maria Edileuza Fontenele Reis (Suécia e Letônia).",A,41,3,0,158899,MSF,50,2023,SF,,MSF 50/2023,,,Não-opostas
357127,SF,868,DOR,127,13/09/2023,14:00:00,4073,6752,5,S,"Votação nominal da Mensagem nº 51, de 2023 - Gilberto Fonseca Guimarães de Moura (Filipinas, Palau, Micronésia e Ilhas Marshall).",A,40,3,0,158904,MSF,51,2023,SF,,MSF 51/2023,,,Não-opostas
357127,SF,868,DOR,127,13/09/2023,14:00:00,4074,6753,6,S,"Votação nominal da Mensagem nº 54, de 2023 - Marcelo Otávio Dantas Loures da Costa (Catar).",A,37,3,1,158945,MSF,54,2023,SF,,MSF 54/2023,,,Não-opostas
358674,SF,868,DOR,135,20/09/2023,14:00:00,4075,6754,1,S,"Votação nominal da Mensagem nº 55, de 2023 - Gustavo Rocha de Menezes (Myanmar).",A,47,3,1,158946,MSF,55,2023,SF,,MSF 55/2023,,,Não-opostas
366154,SF,868,DOR,161,25/10/2023,14:00:00,4083,6762,1,S,"Votação nominal da Mensagem nº 57, de 2023 - Rodrigo D'Araujo Gabsch (Kuwait).",A,53,2,1,159626,MSF,57,2023,SF,,MSF 57/2023,,,Não-opostas
366154,SF,868,DOR,161,25/10/2023,14:00:00,4088,6767,6,S,"Votação nominal da Mensagem nº 61, de 2023 - Teodoro Silva Santos (STJ).",A,63,0,1,159983,MSF,61,2023,SF,,MSF 61/2023,,,Não-opostas
366154,SF,868,DOR,161,25/10/2023,14:00:00,4087,6766,5,S,"Votação nominal da Mensagem nº 62, de 2023 - José Afrânio Vilela (STJ).",A,68,1,0,159985,MSF,62,2023,SF,,MSF 62/2023,,,Não-opostas
366154,SF,868,DOR,161,25/10/2023,14:00:00,4086,6765,4,S,"Votação nominal da Mensagem nº 60, de 2023 - Daniela Rodrigues Teixeira (STJ).",A,68,5,0,159982,MSF,60,2023,SF,,MSF 60/2023,,,Não-opostas
366154,SF,868,DOR,161,25/10/2023,14:00:00,4084,6763,2,S,"Votação nominal da Mensagem nº 58, de 2023 - Carlos Luís Dantas Coutinho Perez (República Dominicana).",A,48,4,0,159627,MSF,58,2023,SF,,MSF 58/2023,,,Não-opostas
375981,SF,868,DOR,190,12/12/2023,14:00:00,4102,6784,1,S,"Votação nominal da Mensagem nº 38, de 2023 - Alfredo Cesar Martinho Leoni (Omã).",A,41,6,1,158168,MSF,38,2023,SF,,MSF 38/2023,,,Não-opostas
375981,SF,868,DOR,190,12/12/2023,14:00:00,4113,6795,12,S,"Votação nominal da Mensagem nº 91, de 2023 - Marina Palma Copola de Carvalho (CVM).",A,58,1,3,161300,MSF,91,2023,SF,,MSF 91/2023,,,Não-opostas
375981,SF,868,DOR,190,12/12/2023,14:00:00,4112,6794,11,S,"Votação nominal da Mensagem nº 90, de 2023 - Daniel Walter Maeda Bernardo (CVM).",A,56,2,3,161299,MSF,90,2023,SF,,MSF 90/2023,,,Não-opostas
375981,SF,868,DOR,190,12/12/2023,14:00:00,4111,6793,10,S,"Votação nominal da Mensagem nº 79, de 2023 - Paulo Picchetti (Banco Central do Brasil).",A,53,4,1,161128,MSF,79,2023,SF,,MSF 79/2023,,,Não-opostas
375981,SF,868,DOR,190,12/12/2023,14:00:00,4110,6792,9,S,Votação nominal da Mensagem nº 78 de 2023 - Rodrigo Alves Teixeira (Banco Central do Brasil).,A,50,3,0,161127,MSF,78,2023,SF,,MSF 78/2023,,,Não-opostas
375981,SF,868,DOR,190,12/12/2023,14:00:00,4109,6791,8,S,"Votação nominal da Mensagem nº 83, de 2023 - Diogo Thomson de Andrade (CADE).",A,55,1,1,161238,MSF,83,2023,SF,,MSF 83/2023,,,Não-opostas
375981,SF,868,DOR,190,12/12/2023,14:00:00,4108,6790,7,S,"Votação nominal da Mensagem nº 82, de 2023 - Camila Cabral Pires Alves (CADE).",A,53,2,0,161237,MSF,82,2023,SF,,MSF 82/2023,,,Não-opostas
375981,SF,868,DOR,190,12/12/2023,14:00:00,4107,6789,6,S,"Votação nominal da Mensagem nº 81, de 2023 - José Levi Mello do Amaral Júnior (CADE).",A,54,1,1,161236,MSF,81,2023,SF,,MSF 81/2023,,,Não-opostas
375981,SF,868,DOR,190,12/12/2023,14:00:00,4106,6788,5,S,"Votação nominal da Mensagem nº 84, de 2023 - Calos Jaques Vieira Gomes (CADE).",A,53,1,0,161239,MSF,84,2023,SF,,MSF 84/2023,,,Não-opostas
375981,SF,868,DOR,190,12/12/2023,14:00:00,4105,6787,4,S,"Votação nominal da Mensagem nº 75, de 2023 - Maria Elisa Teófilo de Luna (Trinidad e Tobago).",A,49,3,2,160911,MSF,75,2023,SF,,MSF 75/2023,,,Não-opostas
375981,SF,868,DOR,190,12/12/2023,14:00:00,4104,6786,3,S,"Votação nominal da Mensagem nº 76, de 2023 - Maria Cristina de Castro Martins (Guiana).",A,49,1,2,160912,MSF,76,2023,SF,,MSF 76/2023,,,Não-opostas
375981,SF,868,DOR,190,12/12/2023,14:00:00,4103,6785,2,S,"Votação nominal da Mensagem nº 86, de 2023 - Glivânia Maria de Oliveira (Venezuela).",A,41,1,2,161286,MSF,86,2023,SF,,MSF 86/2023,,,Não-opostas
377153,SF,868,DOR,192,13/12/2023,14:00:00,4118,6801,1,S,"Votação nominal do Ofício nº 19, de 2023 - Alexandre Augusto Seijas de Andrade (IFI).",A,48,4,1,159527,OFS,19,2023,SF,,OFS 19/2023,,,Não-opostas
377153,SF,868,DOR,192,13/12/2023,14:00:00,4132,6815,15,S,"Votação nominal da Mensagem nº 89, de 2023 - Paulo Gustavo Gonet Branco (PGR).",A,65,11,1,161291,MSF,89,2023,SF,,MSF 89/2023,,,Não-opostas
377153,SF,868,DOR,192,13/12/2023,14:00:00,4128,6811,11,S,"Votação nominal do Ofício nº 26, de 2023 - Alexandre Teixeira de Freitas Bastos Cunha (CNJ).",A,67,7,1,160915,OFS,26,2023,SF,,OFS 26/2023,,,Não-opostas
377153,SF,868,DOR,192,13/12/2023,14:00:00,4127,6810,10,S,"Votação nominal do Ofício nº 23, de 2023 - José Edivaldo Rocha Rotondano (CNJ).",A,68,7,1,160388,OFS,23,2023,SF,,OFS 23/2023,,,Não-opostas
377153,SF,868,DOR,192,13/12/2023,14:00:00,4126,6809,9,S,"Votação nominal do Ofício nº 25, de 2023 - Guilherme Augusto Caputo Bastos (CNJ).",A,72,4,2,160914,OFS,25,2023,SF,,OFS 25/2023,,,Não-opostas
377153,SF,868,DOR,192,13/12/2023,14:00:00,4125,6808,8,S,"Votação nominal do Ofício nº 24, de 2023 - Renata Gil de Alcantara Videira (CNJ).",A,74,3,0,160389,OFS,24,2023,SF,,OFS 24/2023,,,Não-opostas
377153,SF,868,DOR,192,13/12/2023,14:00:00,4123,6806,6,S,"Votação nominal do Ofício nº 21, de 2023 - Mônica Autran Machado Nobre (CNJ).",A,68,6,2,160287,OFS,21,2023,SF,,OFS 21/2023,,,Não-opostas
377153,SF,868,DOR,192,13/12/2023,14:00:00,4119,6802,2,S,"Votação nominal da Mensagem nº 85, de 2023 - Caio Mário Trivellato Seabra Filho (ANM).",A,48,11,0,161284,MSF,85,2023,SF,,MSF 85/2023,,,Não-opostas
377153,SF,868,DOR,192,13/12/2023,14:00:00,4120,6803,3,S,"Votação nominal do Ofício nº 18, de 2023 - Edvaldo Nilo de Almeida (CNMP).",A,64,6,0,159360,OFS,18,2023,SF,,OFS 18/2023,,,Não-opostas
377153,SF,868,DOR,192,13/12/2023,14:00:00,4121,6804,4,S,"Votação nominal do Ofício nº 20, de 2023 - Cíntia Menezes Brunetta (CNMP).",A,67,5,1,160286,OFS,20,2023,SF,,OFS 20/2023,,,Não-opostas
377153,SF,868,DOR,192,13/12/2023,14:00:00,4122,6805,5,S,"Votação nominal do Ofício nº 17, de 2023 - Daiane Nogueira de Lira (CNJ).",A,67,7,0,159359,OFS,17,2023,SF,,OFS 17/2023,,,Não-opostas
377153,SF,868,DOR,192,13/12/2023,14:00:00,4124,6807,7,S,"Votação nominal do Ofício nº 22, de 2023 - Daniela Pereira Madeira (CNJ).",A,70,5,1,160288,OFS,22,2023,SF,,OFS 22/2023,,,Não-opostas
377153,SF,868,DOR,192,13/12/2023,14:00:00,4129,6812,12,S,"Votação nominal do Ofício nº 27, de 2023 - Guilherme Guimarães Feliciano (CNJ).",A,47,30,1,160916,OFS,27,2023,SF,,OFS 27/2023,,,Não-opostas
377153,SF,868,DOR,192,13/12/2023,14:00:00,4130,6813,13,S,"Votação nominal da Mensagem nº 88, de 2023 - Flávio Dino de Castro e Costa (STF).",A,47,31,2,161290,MSF,88,2023,SF,,MSF 88/2023,,,Não-opostas
377153,SF,868,DOR,192,13/12/2023,14:00:00,4131,6814,14,S,"Votação nominal da Mensagem nº 87, de 2023 - Leonardo Cardoso de Magalhães (DPU).",A,47,30,1,161289,MSF,87,2023,SF,,MSF 87/2023,,,Não-opostas
329137,SF,868,DOR,33,19/04/2023,14:00:00,3997,6676,1,N,"Votação nominal do Projeto de Resolução nº 46, de 2023, nos termos do Parecer.",A,,,,156944,PRS,46,2023,SF,,PRS 46/2023,SIM,,Não-opostas
359754,SF,868,DOR,139,27/09/2023,14:00:00,4076,6755,1,N,"Votação nominal do Requerimento nº 31, de 2023, da CCJ - Solicita urgência para o PL nº 2.903/2023.",A,,,,160211,REQ,31,2023,SF,,REQ 31/2023 - CCJ,NÃO,SIM,Opostas
368149,SF,868,DOR,168,07/11/2023,14:00:00,4091,6772,1,N,"Votação nominal do RQS 988/2023, que solicita calendário especial para a Proposta de Emenda à Constituição nº 45, de 2019.",A,,,,160887,RQS,988,2023,SF,,RQS 988/2023,SIM,NÃO,Opostas
371685,SF,868,DOR,175,21/11/2023,14:00:00,4098,6779,1,N,"Votação nominal do Requerimento nº 1.039, de 2023, de Líderes, solicitando calendário especial para a PEC nº 8/2021.",A,,,,161174,RQS,1039,2023,SF,,RQS 1039/2023,,SIM,Não-opostas
375981,SF,868,DOR,190,12/12/2023,14:00:00,4114,6796,13,N,"Votação nominal do Requerimento nº 1.103, de 2023 - Solicita o encerramento da discussão do PL nº 3.626/2023.",A,,,,161568,RQS,1103,2023,SF,,RQS 1103/2023,,,Não-opostas
366154,SF,868,DOR,161,25/10/2023,14:00:00,4085,6764,3,S,"Votação nominal da Mensagem nº 35, de 2023 - Igor Roberto Albuquerque Roque (DPU).",R,35,38,1,158096,MSF,35,2023,SF,,MSF 35/2023,,,Não-opostas
341506,SF,868,DOR,73,20/06/2023,14:00:00,4030,6709,1,N,"Votação nominal da Emenda nº 131 à Medida Provisória nº 1.165, de 2023, destacada.",R,,,,156368,MPV,1165,2023,CN,,MPV 1165/2023,NÃO,SIM,Opostas
342138,SF,868,DOR,75,21/06/2023,14:00:00,4037,6716,7,N,"Votação nominal da Emenda nº 89 ao Projeto de Lei Complementar nº 93, de 2023, destacada.",R,,,,157826,PLP,93,2023,SF,Revisora,PLP 93/2023,NÃO,SIM,Opostas
342138,SF,868,DOR,75,21/06/2023,14:00:00,4036,6715,6,N,"Votação nominal da Emenda nº 83 ao Projeto de Lei Complementar nº 93, de 2023, destacada.",R,,,,157826,PLP,93,2023,SF,Revisora,PLP 93/2023,NÃO,SIM,Opostas
342138,SF,868,DOR,75,21/06/2023,14:00:00,4035,6714,5,N,"Votação nominal do Projeto de Lei Complementar nº 39, de 2023,e das emendas, nos termos do parecer, ressalvados os destaques.",A,,,,157826,PLP,93,2023,SF,Revisora,PLP 93/2023,SIM,NÃO,Opostas
355030,SF,868,DOR,119,30/08/2023,14:00:00,4066,6745,1,N,"Votação nominal do Projeto de Lei nº 2.384/2023 e das Emendas nºs 23 e 26, de redação.",A,,,,158907,PL,2384,2023,SF,Revisora,PL 2384/2023,SIM,NÃO,Opostas
359754,SF,868,DOR,139,27/09/2023,14:00:00,4079,6758,4,N,"Votação nominal do Art. 28 do Projeto de Lei nº 2.903, de 2023, destacado.",A,,,,157888,PL,2903,2023,SF,Revisora,PL 2903/2023,NÃO,SIM,Opostas
359754,SF,868,DOR,139,27/09/2023,14:00:00,4078,6757,3,N,"Votação nominal do § 4º do art. 16 do Projeto de Lei nº 2.903, de 2023, destacado.",A,,,,157888,PL,2903,2023,SF,Revisora,PL 2903/2023,NÃO,SIM,Opostas
359754,SF,868,DOR,139,27/09/2023,14:00:00,4077,6756,2,N,"Votação nominal do Projeto de Lei nº 2.903 de 2023, nos termos dos Pareceres, ressalvados os destaques.",A,,,,157888,PL,2903,2023,SF,Revisora,PL 2903/2023,NÃO,SIM,Opostas
363545,SF,868,DOR,149,10/10/2023,14:00:00,4081,6760,1,N,"Votação nominal da Emenda nº 1 (Substitutivo) ao Projeto de Lei nº 2.721, de 2023, nos termos do Parecer.",A,,,,157538,PL,2721,2023,SF,Revisora,PL 2721/2023,SIM,LIVRE,Não-opostas
370634,SF,868,DOR,172,14/11/2023,14:00:00,4097,6778,1,N,"Votação nominal do Projeto de Lei Complementar nº 205, de 2023, nos termos do Parecer.",A,,,,160251,PLP,205,2023,SF,Iniciadora,PLP 205/2023,SIM,,Não-opostas
373997,SF,868,DOR,181,29/11/2023,14:00:00,4101,6783,1,N,"Votação nominal do Projeto de Lei Complementar nº 243, de 2023, nos termos dos Pareceres.",A,,,,161130,PLP,243,2023,SF,Iniciadora,PLP 243/2023,SIM,SIM,Não-opostas
375981,SF,868,DOR,190,12/12/2023,14:00:00,4117,6800,17,N,"Votação nominal da Emenda nº 157 ao Projeto de Lei nº 3.626, de 2023, destacada.",R,,,,160197,PL,3626,2023,SF,Revisora,PL 3626/2023,NÃO,LIVRE,Não-opostas
375981,SF,868,DOR,190,12/12/2023,14:00:00,4116,6798,16,N,"Votação nominal da Emenda nº 147 ao Projeto de Lei nº 3.626, de 2023, destacada.",A,,,,160197,PL,3626,2023,SF,Revisora,PL 3626/2023,NÃO,SIM,Opostas
375981,SF,868,DOR,190,12/12/2023,14:00:00,4115,6797,15,N,"Votação nominal da Emenda nº 139 ao Projeto de Lei nº 3.626, de 2023, destacada.",A,,,,160197,PL,3626,2023,SF,Revisora,PL 3626/2023,NÃO,LIVRE,Não-opostas
389236,SF,871,DOR,19,13/03/2024,14:00:00,4143,6821,1,N,"Votação, em primeiro turno, da PEC nº 72/2023, nos termos do Parecer com ajuste redacional.",A,,,,161820,PEC,72,2023,SF,Iniciadora,PEC 72/2023,SIM,SIM,Não-opostas
389236,SF,871,DOR,19,13/03/2024,14:00:00,4144,6822,2,N,"Votação, em segundo turno, da PEC nº 72/2023.",A,,,,161820,PEC,72,2023,SF,Iniciadora,PEC 72/2023,SIM,SIM,Não-opostas
393851,SF,871,DOR,36,10/04/2024,14:00:00,4145,6823,1,N,"Votação nominal da Emenda nº 1 (Substitutivo) ao PLP nº 252/2023, nos termos do parecer de Plenário.",A,,,,161361,PLP,252,2023,SF,Iniciadora,PLP 252/2023,SIM,SIM,Não-opostas
394860,SF,871,DOR,41,16/04/2024,14:00:00,4146,6824,1,N,"Votação nominal da Proposta de Emenda à Constituição nº 45, de 2023, nos termos do parecer (1º Turno).",A,,,,160011,PEC,45,2023,SF,Iniciadora,PEC 45/2023,,SIM,Não-opostas
394860,SF,871,DOR,41,16/04/2024,14:00:00,4147,6825,2,N,"Votação nominal da Proposta de Emenda à Constituição nº 45, de 2023, nos termos do parecer (2º Turno).",A,,,,160011,PEC,45,2023,SF,Iniciadora,PEC 45/2023,,SIM,Não-opostas
395374,SF,871,DOR,43,17/04/2024,14:00:00,4148,6826,1,N,"Votação nominal do Projeto de Lei Complementar nº 175, de 2023, nos termos do parecer.",A,,,,162245,PLP,175,2023,SF,Revisora,PLP 175/2023,SIM,,Não-opostas
399276,SF,871,DOR,57,08/05/2024,14:00:00,4149,6827,1,N,"Votação nominal do Projeto de Lei Complementar nº 233, de 2023, nos termos do parecer, ressalvados os destaques.",A,,,,163100,PLP,233,2023,SF,Revisora,PLP 233/2023,SIM,NÃO,Opostas
399276,SF,871,DOR,57,08/05/2024,14:00:00,4150,6828,2,N,"Votação nominal do art. 27 do Projeto de Lei Complementar nº 233, de 2023, destacado.",A,,,,163100,PLP,233,2023,SF,Revisora,PLP 233/2023,SIM,NÃO,Opostas
399276,SF,871,DOR,57,08/05/2024,14:00:00,4151,6829,3,N,"Votação nominal da Emenda nº 25 ao Projeto de Lei Complementar nº 233, de 2023, destacada.",R,,,,163100,PLP,233,2023,SF,Revisora,PLP 233/2023,NÃO,SIM,Opostas
399276,SF,871,DOR,57,08/05/2024,14:00:00,4152,6830,4,N,"Votação nominal da Emenda nº 4 ao Projeto de Lei Complementar nº 233, de 2023, destacada.",R,,,,163100,PLP,233,2023,SF,Revisora,PLP 233/2023,NÃO,SIM,Opostas
320695,SF,868,DOR,1,08/02/2023,16:00:00,3995,6674,1,S,"Votação nominal do Projeto de Decreto Legislativo nº 2, de 2023.",A,72,2,1,155773,PDL,2,2023,SF,Revisora,PDL 2/2023,,,Não-opostas
361587,SF,868,DEX,145,04/10/2023,16:00:00,4080,6759,1,N,"Votação nominal do Projeto de Lei Complementar nº 136, de 2023, nos termos dos pareceres.",A,,,,160102,PLP,136,2023,SF,Revisora,PLP 136/2023,SIM,LIVRE,Não-opostas
367734,SF,868,DEX,166,01/11/2023,10:00:00,4090,6769,1,N,"Votação nominal do art. 34 do Projeto de Lei nº 4.426, de 2023, destacado.",A,,,,160545,PL,4426,2023,SF,Revisora,PL 4426/2023,SIM,LIVRE,Não-opostas
381174,SF,868,DEX,196,20/12/2023,16:00:00,4138,6816,1,N,"Votação nominal do PLV 20/2023 e Pressupostos Constitucionais da MPV 1.185/23, nos termos do Parecer, ressalvado o destaque.",A,,,,159641,MPV,1185,2023,CN,,MPV 1185/2023,SIM,LIVRE,Não-opostas
381174,SF,868,DEX,196,20/12/2023,16:00:00,4139,6817,2,N,"Votação nominal da Emenda nº 48 à Medida Provisória nº 1.185, de 2023, destacada.",R,,,,159641,MPV,1185,2023,CN,,MPV 1185/2023,NÃO,LIVRE,Não-opostas
325622,SF,868,DOR,21,28/03/2023,14:00:00,3996,6675,1,N,"Votação nominal do Projeto de Lei Complementar nº 189, de 2019, nos termos do Parecer.",A,,,,138100,PLP,189,2019,SF,Iniciadora,PLP 189/2019,,SIM,Não-opostas
333154,SF,868,DOR,43,09/05/2023,14:00:00,3999,6677,1,N,"Votação nominal das expressões contidas no PL 1.825/2022 (Substitutivo da CD ao PLS 68/2017), destacadas.",A,,,,156611,PL,1825,2022,SF,Substitutivo,PL 1825/2022 (Substitutivo-CD),SIM,NÃO,Opostas
333154,SF,868,DOR,43,09/05/2023,14:00:00,4000,6678,2,N,"Votação nominal do Projeto de Lei do Senado nº 332, de 2018 - Complementar, nos termos dos Pareceres.",A,,,,133899,PLS,332,2018,SF,Iniciadora,PLS 332/2018,SIM,SIM,Não-opostas
333770,SF,868,DOR,44,10/05/2023,14:00:00,4001,6679,1,N,"Votação nominal da Emenda nº 48 (Substitutivo) ao Projeto de Lei Complementar nº 245, de 2019, nos termos do Parecer.",A,,,,139697,PLP,245,2019,SF,Iniciadora,PLP 245/2019,SIM,,Não-opostas
334696,SF,868,DOR,48,16/05/2023,14:00:00,4002,6680,1,N,"Votação nominal da PEC nº 162/2019, nos termos do Parecer, com adequação redacional de Plenário (1º Turno).",A,,,,154406,PEC,162,2019,SF,Revisora,PEC 162/2019,SIM,SIM,Não-opostas
334696,SF,868,DOR,48,16/05/2023,14:00:00,4003,6681,2,N,"Votação da PEC nº 162/2019, nos termos do Parecer, com adequação redacional de Plenário (2º Turno).",A,,,,154406,PEC,162,2019,SF,Revisora,PEC 162/2019,SIM,SIM,Não-opostas
339863,SF,868,DOR,62,06/06/2023,14:00:00,4026,6705,1,N,"Votação nominal da Proposta de Emenda à Constituição nº 43, de 2022, nos termos do Parecer (1º Turno).",A,,,,155501,PEC,43,2022,SF,Revisora,PEC 43/2022,,,Não-opostas
339863,SF,868,DOR,62,06/06/2023,14:00:00,4027,6706,2,N,"Votação nominal da Proposta de Emenda à Constituição nº 43, de 2022, nos termos do Parecer (2º Turno).",A,,,,155501,PEC,43,2022,SF,Revisora,PEC 43/2022,,,Não-opostas
340775,SF,868,DOR,66,14/06/2023,14:00:00,4029,6708,2,N,"Votação nominal do Projeto de Lei Complementar nº 139, de 2022, nos termos do Parecer.",A,,,,157254,PLP,139,2022,SF,Revisora,PLP 139/2022,LIVRE,SIM,Não-opostas
344696,SF,868,DOR,83,05/07/2023,14:00:00,4052,6731,6,N,"Votação nominal do Projeto de Lei Complementar nº 178, de 2021, nos termos dos Pareceres.",A,,,,155500,PLP,178,2021,SF,Revisora,PLP 178/2021,SIM,,Não-opostas
344696,SF,868,DOR,83,05/07/2023,14:00:00,4051,6730,5,N,"Votação nominal da Emenda 15 (Substitutivo) ao PLP 41/2019, com as Emendas 16 e 22 a 29, nos termos do Parecer de Plenário.",A,,,,135378,PLP,41,2019,SF,Iniciadora,PLP 41/2019,SIM,,Não-opostas
354365,SF,868,DEX,118,29/08/2023,16:00:00,4065,6744,1,N,"Votação nominal da Emenda nº 9 (Substitutivo) ao Projeto de Lei Complementar nº 257, de 2019, nos termos do Parecer.",A,,,,139838,PLP,257,2019,SF,Iniciadora,PLP 257/2019,SIM,,Não-opostas
356452,SF,868,DOR,126,12/09/2023,14:00:00,4067,6746,1,N,"Votação nominal da Proposta de Emenda à Constituição nº 7, de 2018, nos termos dos Pareceres (1º Turno).",A,,,,133303,PEC,7,2018,SF,Iniciadora,PEC 7/2018,SIM,SIM,Não-opostas
356452,SF,868,DOR,126,12/09/2023,14:00:00,4068,6747,2,N,"Votação nominal da Proposta de Emenda à Constituição nº 7, de 2018, nos termos dos Pareceres (2º Turno).",A,,,,133303,PEC,7,2018,SF,Iniciadora,PEC 7/2018,SIM,SIM,Não-opostas
368878,SF,868,DOR,169,08/11/2023,14:00:00,4092,6773,1,N,"Votação nominal da Emenda nº 803 (Substitutivo) e das Emendas e Subemendas de Plenário, em primeiro turno, nos termos dos pareceres, ressalvados os destaques.",A,,,,158930,PEC,45,2019,SF,Revisora,PEC 45/2019,SIM,NÃO,Opostas
368878,SF,868,DOR,169,08/11/2023,14:00:00,4096,6777,5,N,"Votação nominal da Proposta de Emenda à Constituição nº 45, de 2019, nos termos do Parecer, em segundo turno.",A,,,,158930,PEC,45,2019,SF,Revisora,PEC 45/2019,SIM,NÃO,Opostas
368878,SF,868,DOR,169,08/11/2023,14:00:00,4095,6776,4,N,"Votação nominal da Emenda nº 806, destacada.",R,,,,158930,PEC,45,2019,SF,Revisora,PEC 45/2019,NÃO,SIM,Opostas
368878,SF,868,DOR,169,08/11/2023,14:00:00,4094,6775,3,N,"Votação nominal da Emenda nº 804, nos termos da subemenda do Relator, destacada.",A,,,,158930,PEC,45,2019,SF,Revisora,PEC 45/2019,SIM,SIM,Não-opostas
368878,SF,868,DOR,169,08/11/2023,14:00:00,4093,6774,2,N,"Votação nominal da Emenda nº 805, destacada.",R,,,,158930,PEC,45,2019,SF,Revisora,PEC 45/2019,NÃO,SIM,Opostas
372367,SF,868,DOR,176,22/11/2023,14:00:00,4099,6781,1,N,"Votação nominal da PEC nº 8/2021, Emendas e Subemenda, nos termos dos Pareceres (1º Turno).",A,,,,148030,PEC,8,2021,SF,Iniciadora,PEC 8/2021,,SIM,Não-opostas
372367,SF,868,DOR,176,22/11/2023,14:00:00,4100,6782,2,N,"Votação nominal da Proposta de Emenda à Constituição nº 8/2021, nos termos do Parecer da Comissão Diretora (2º Turno).",A,,,,148030,PEC,8,2021,SF,Iniciadora,PEC 8/2021,,SIM,Não-opostas
384251,SF,871,DOR,5,20/02/2024,14:00:00,4140,6818,1,N,"Votação nominal do Projeto de Lei nº 2.253, de 2022, nos termos do parecer, ressalvados os destaques.",A,,,,154451,PL,2253,2022,SF,Revisora,PL 2253/2022,LIVRE,SIM,Não-opostas
384251,SF,871,DOR,5,20/02/2024,14:00:00,4141,6819,2,N,"Votação nominal da Emenda nº 8 ao Projeto de Lei nº 2.253, de 2022, destacada.",R,,,,154451,PL,2253,2022,SF,Revisora,PL 2253/2022,LIVRE,NÃO,Não-opostas
387067,SF,871,DOR,13,05/03/2024,14:00:00,4142,6820,1,N,"Votação nominal do Projeto de Lei Complementar nº 137, de 2019, nos termos do parecer.",A,,,,136886,PLP,137,2019,SF,Iniciadora,PLP 137/2019,,,Não-opostas
403045,SF,871,DOR,61,15/05/2024,14:00:00,4153,6831,1,N,"Votação nominal do Projeto de Lei Complementar nº 85, de 2024, nos termos do parecer, ressalvado o destaque.",A,,,,163623,PLP,85,2024,SF,Revisora,PLP 85/2024,SIM,SIM,Não-opostas
403045,SF,871,DOR,61,15/05/2024,14:00:00,4154,6832,2,N,"Votação nominal da Emenda nº 1 ao Projeto de Lei Complementar nº 85, de 2024, destacada.",R,,,,163623,PLP,85,2024,SF,Revisora,PLP 85/2024,NÃO,SIM,Opostas
404301,SF,871,DOR,64,22/05/2024,14:00:00,4155,6833,1,N,"Votação nominal do Projeto de Lei Complementar nº 150, de 2021, nos termos dos pareceres.",A,,,,150077,PLP,150,2021,SF,Iniciadora,PLP 150/2021,,,Não-opostas
404301,SF,871,DOR,64,22/05/2024,14:00:00,4156,6834,2,N,"Votação nominal do Requerimento nº 369, de 2024, do Senador Flávio Bolsonaro, que solicita a preferência para a votação da Emenda n° 23 (Substitutivo) em relação à Emenda nº 13 (Substitutivo).",R,,,,163802,RQS,369,2024,SF,,RQS 369/2024,NÃO,SIM,Opostas
408825,SF,871,DOR,73,05/06/2024,14:00:00,4157,6836,1,N,"Votação nominal do Projeto de Lei nº 914, de 2024, nos termos do parecer, ressalvados os destaques.",A,,,,163889,PL,914,2024,SF,Revisora,PL 914/2024,SIM,SIM,Não-opostas